date;open;high;low;close;volume
02/05/2005;2,527;2,529;2,508;2,5085;3776
04/05/2005;2,488;2,489;2,461;2,4644;5200
05/05/2005;2,465;2,487;2,46;2,462;4088
06/05/2005;2,462;2,47;2,454;2,456;4176
09/05/2005;2,456;2,464;2,447;2,449;4336
10/05/2005;2,445;2,479;2,445;2,4755;3008
12/05/2005;2,451;2,472;2,451;2,466;4336
13/05/2005;2,468;2,486;2,463;2,471;3448
16/05/2005;2,473;2,484;2,471;2,4755;3776
17/05/2005;2,474;2,4875;2,468;2,479;5456
19/05/2005;2,458;2,459;2,442;2,4565;5216
20/05/2005;2,441;2,457;2,44;2,4407;5408
23/05/2005;2,441;2,442;2,425;2,4255;2976
24/05/2005;2,424;2,436;2,424;2,427;3376
25/05/2005;2,423;2,43;2,403;2,4078;3112
30/05/2005;2,381;2,392;2,364;2,369;3528
31/05/2005;2,367;2,421;2,367;2,407;5448
01/06/2005;2,388;2,455;2,388;2,455;5368
02/06/2005;2,457;2,457;2,413;2,417;3848
03/06/2005;2,417;2,429;2,39;2,4245;2824
06/06/2005;2,425;2,477;2,4044;2,4455;4992
07/06/2005;2,447;2,471;2,44;2,4625;3728
08/06/2005;2,455;2,463;2,44;2,4622;3112
09/06/2005;2,462;2,503;2,457;2,4955;4688
10/06/2005;2,49;2,494;2,466;2,4705;2928
14/06/2005;2,45;2,478;2,428;2,4315;3264
15/06/2005;2,434;2,451;2,428;2,4325;3568
17/06/2005;2,403;2,406;2,382;2,3845;4736
20/06/2005;2,366;2,396;2,366;2,3915;2768
21/06/2005;2,388;2,395;2,372;2,372;4816
22/06/2005;2,369;2,383;2,362;2,3815;4736
23/06/2005;2,386;2,402;2,382;2,388;3048
24/06/2005;2,404;2,404;2,377;2,3785;4576
29/06/2005;2,364;2,37;2,349;2,354;5136
01/07/2005;2,335;2,357;2,33;2,355;5456
04/07/2005;2,338;2,377;2,338;2,365;4088
05/07/2005;2,368;2,378;2,359;2,375;4976
06/07/2005;2,377;2,397;2,375;2,393;4496
07/07/2005;2,389;2,404;2,374;2,3745;3648
08/07/2005;2,371;2,381;2,357;2,3725;3728
12/07/2005;2,338;2,341;2,327;2,3375;4416
13/07/2005;2,336;2,355;2,331;2,353;4976
15/07/2005;2,335;2,351;2,33;2,335;3368
18/07/2005;2,337;2,34;2,325;2,3345;4416
19/07/2005;2,335;2,348;2,335;2,3415;3136
21/07/2005;2,337;2,3595;2,325;2,3545;4128
22/07/2005;2,364;2,397;2,358;2,395;3768
25/07/2005;2,395;2,478;2,395;2,461;4004
26/07/2005;2,486;2,509;2,434;2,448;4484
27/07/2005;2,431;2,479;2,419;2,4375;4544
28/07/2005;2,436;2,446;2,398;2,4045;5168
29/07/2005;2,407;2,412;2,377;2,379;3368
02/08/2005;2,369;2,385;2,337;2,34;5368
03/08/2005;2,337;2,341;2,306;2,309;3368
04/08/2005;2,317;2,326;2,293;2,303;4168
05/08/2005;2,301;2,32;2,287;2,3065;4848
08/08/2005;2,312;2,33;2,296;2,3271;4240
10/08/2005;2,295;2,295;2,269;2,293;4008
11/08/2005;2,277;2,364;2,277;2,3435;4304
12/08/2005;2,356;2,401;2,346;2,372;3764
15/08/2005;2,372;2,377;2,328;2,345;2844
16/08/2005;2,327;2,361;2,32;2,33;3164
17/08/2005;2,345;2,362;2,339;2,352;3128
18/08/2005;2,349;2,391;2,341;2,3785;2824
19/08/2005;2,403;2,478;2,379;2,4485;3052
22/08/2005;2,448;2,451;2,381;2,3825;2984
23/08/2005;2,372;2,424;2,372;2,4075;5488
25/08/2005;2,451;2,451;2,395;2,3955;4528
26/08/2005;2,399;2,429;2,386;2,4;3404
30/08/2005;2,383;2,394;2,377;2,3825;5376
31/08/2005;2,378;2,384;2,353;2,354;3048
01/09/2005;2,354;2,37;2,352;2,3615;4576
05/09/2005;2,329;2,34;2,317;2,332;3448
06/09/2005;2,331;2,337;2,319;2,323;4496
07/09/2005;2,319;2,329;2,319;2,323;5152
08/09/2005;2,328;2,329;2,313;2,3185;3616
12/09/2005;2,309;2,326;2,309;2,3195;3776
13/09/2005;2,319;2,332;2,315;2,325;4496
14/09/2005;2,325;2,339;2,324;2,326;4656
15/09/2005;2,318;2,327;2,295;2,297;3448
16/09/2005;2,294;2,305;2,288;2,297;4976
19/09/2005;2,297;2,308;2,285;2,2935;3408
20/09/2005;2,297;2,301;2,265;2,298;2844
21/09/2005;2,295;2,299;2,271;2,2725;5376
22/09/2005;2,273;2,292;2,265;2,2735;4288
23/09/2005;2,273;2,278;2,263;2,2635;3296
26/09/2005;2,263;2,27;2,247;2,249;5136
27/09/2005;2,248;2,262;2,244;2,2565;4416
29/09/2005;2,235;2,243;2,209;2,211;3528
30/09/2005;2,21;2,234;2,21;2,2285;4736
03/10/2005;2,227;2,247;2,225;2,2275;3488
04/10/2005;2,228;2,26;2,228;2,258;5456
05/10/2005;2,261;2,28;2,259;2,2665;2928
06/10/2005;2,266;2,302;2,266;2,2915;3728
10/10/2005;2,248;2,248;2,232;2,237;3376
11/10/2005;2,238;2,243;2,232;2,232;5152
13/10/2005;2,233;2,28;2,233;2,256;2844
14/10/2005;2,257;2,27;2,24;2,2435;3728
17/10/2005;2,244;2,244;2,228;2,236;3856
18/10/2005;2,235;2,248;2,23;2,239;5136
20/10/2005;2,237;2,265;2,233;2,248;4248
21/10/2005;2,248;2,277;2,248;2,2625;3488
24/10/2005;2,261;2,268;2,257;2,257;2896
25/10/2005;2,26;2,269;2,257;2,2615;3616
26/10/2005;2,263;2,2863;2,263;2,2863;3744
27/10/2005;2,286;2,294;2,279;2,289;4336
31/10/2005;2,264;2,271;2,248;2,25;5136
02/11/2005;2,243;2,243;2,242;2,243;5376
03/11/2005;2,237;2,242;2,219;2,22;4656
07/11/2005;2,204;2,205;2,204;2,205;2816
08/11/2005;2,205;2,2054;2,192;2,1925;4608
09/11/2005;2,1675;2,176;2,1675;2,176;5504
10/11/2005;2,167;2,168;2,167;2,167;5376
14/11/2005;2,195;2,2085;2,195;2,2075;4672
16/11/2005;2,208;2,208;2,1948;2,2;2960
17/11/2005;2,202;2,202;2,186;2,188;2896
18/11/2005;2,2154;2,2286;2,2154;2,2245;2784
21/11/2005;2,2275;2,2275;2,216;2,2175;4192
22/11/2005;2,2213;2,258;2,2213;2,2465;3864
23/11/2005;2,244;2,244;2,237;2,239;2912
24/11/2005;2,239;2,239;2,239;2,239;1
30/11/2005;2,1872;2,211;2,1872;2,201;5424
01/12/2005;2,1969;2,2185;2,1969;2,215;4032
02/12/2005;2,219;2,219;2,2005;2,2035;3456
07/12/2005;2,1705;2,196;2,168;2,1925;5456
08/12/2005;2,1925;2,221;2,1925;2,2175;5136
09/12/2005;2,2175;2,25;2,2175;2,2468;2864
12/12/2005;2,2468;2,261;2,2468;2,255;3248
13/12/2005;2,255;2,266;2,249;2,2495;4576
14/12/2005;2,2495;2,284;2,2495;2,275;3488
15/12/2005;2,275;2,3035;2,269;2,2938;4024
16/12/2005;2,2938;2,336;2,2938;2,3325;3664
19/12/2005;2,3325;2,38;2,3325;2,3765;4088
20/12/2005;2,3765;2,38;2,3485;2,3523;3112
22/12/2005;2,3085;2,351;2,308;2,3152;3176
28/12/2005;2,3463;2,3463;2,3395;2,3415;2848
30/12/2005;2,3195;2,3365;2,3195;2,3258;4448
02/01/2006;2,3258;2,3335;2,3258;2,3335;4992
05/01/2006;2,2775;2,29;2,2775;2,2815;3376
09/01/2006;2,2775;2,282;2,245;2,2568;4272
10/01/2006;2,2435;2,266;2,2435;2,256;5216
11/01/2006;2,256;2,281;2,256;2,281;4016
13/01/2006;2,2595;2,275;2,2595;2,2691;3440
16/01/2006;2,2691;2,272;2,2691;2,2695;3520
17/01/2006;2,2715;2,3105;2,2715;2,307;3408
18/01/2006;2,307;2,332;2,295;2,3147;5312
19/01/2006;2,3147;2,3387;2,2865;2,3225;3868
25/01/2006;2,238;2,2455;2,238;2,2388;4576
30/01/2006;2,2067;2,216;2,206;2,211;5056
01/02/2006;2,208;2,2235;2,208;2,218;3376
02/02/2006;2,218;2,2255;2,214;2,2215;3136
06/02/2006;2,178;2,1815;2,1735;2,1758;3584
07/02/2006;2,1768;2,1855;2,1768;2,182;5120
08/02/2006;2,19;2,196;2,1805;2,1809;3840
09/02/2006;2,1805;2,185;2,16;2,1645;4864
10/02/2006;2,164;2,169;2,1455;2,158;3968
13/02/2006;2,161;2,1655;2,1475;2,1483;5376
14/02/2006;2,149;2,153;2,1235;2,1235;4608
15/02/2006;2,127;2,127;2,1115;2,1198;2816
16/02/2006;2,123;2,125;2,0995;2,0995;3072
17/02/2006;2,105;2,113;2,0975;2,109;5120
20/02/2006;2,107;2,113;2,1025;2,1075;2816
21/02/2006;2,105;2,1445;2,1015;2,141;3072
22/02/2006;2,155;2,155;2,125;2,125;3584
23/02/2006;2,121;2,131;2,1175;2,1275;3584
24/02/2006;2,122;2,128;2,1195;2,1233;3584
27/02/2006;2,121;2,128;2,1175;2,1225;4096
28/02/2006;2,129;2,129;2,1225;2,1225;3072
01/03/2006;2,121;2,128;2,0995;2,0995;3328
02/03/2006;2,104;2,105;2,095;2,097;3584
03/03/2006;2,0925;2,1005;2,089;2,097;4608
06/03/2006;2,098;2,136;2,094;2,1293;2816
07/03/2006;2,1325;2,1646;2,1225;2,1545;3456
08/03/2006;2,155;2,1745;2,127;2,1662;4352
09/03/2006;2,171;2,174;2,1415;2,146;2816
10/03/2006;2,1505;2,1505;2,09;2,1333;4608
13/03/2006;2,126;2,127;2,118;2,118;4352
14/03/2006;2,121;2,122;2,108;2,1088;4096
15/03/2006;2,1095;2,114;2,105;2,1055;3584
16/03/2006;2,104;2,11;2,0888;2,096;3840
17/03/2006;2,0945;2,1135;2,0945;2,1053;3072
20/03/2006;2,111;2,143;2,0955;2,1372;5120
21/03/2006;2,136;2,1625;2,1125;2,159;4864
22/03/2006;2,16;2,162;2,137;2,1372;3456
23/03/2006;2,137;2,1495;2,137;2,1445;3072
24/03/2006;2,146;2,16;2,139;2,139;3328
27/03/2006;2,148;2,175;2,09;2,137;3584
28/03/2006;2,139;2,2045;2,12;2,1978;3072
29/03/2006;2,1945;2,22;2,1945;2,196;3840
30/03/2006;2,204;2,205;2,1705;2,172;4352
31/03/2006;2,18;2,18;2,1;2,1472;5120
03/04/2006;2,154;2,155;2,1208;2,1259;3328
04/04/2006;2,1208;2,13;2,1175;2,1188;3072
05/04/2006;2,12;2,131;2,1175;2,119;4352
06/04/2006;2,122;2,1245;2,1115;2,1142;4096
07/04/2006;2,118;2,145;2,1028;2,138;4864
10/04/2006;2,1345;2,142;2,1335;2,1335;3584
11/04/2006;2,138;2,145;2,1235;2,1235;3072
12/04/2006;2,129;2,129;2,1175;2,1202;3840
13/04/2006;2,1175;2,1285;2,1175;2,125;3584
14/04/2006;2,127;2,127;2,1235;2,1235;4096
17/04/2006;2,129;2,129;2,121;2,121;3072
18/04/2006;2,129;2,129;2,1015;2,107;5376
19/04/2006;2,1015;2,1085;2,0965;2,0977;3840
20/04/2006;2,099;2,1095;2,099;2,106;4096
21/04/2006;2,11;2,11;2,1025;2,1063;3840
24/04/2006;2,11;2,11;2,0975;2,0977;4864
25/04/2006;2,0975;2,1155;2,0975;2,1123;3072
26/04/2006;2,112;2,122;2,103;2,103;5376
27/04/2006;2,11;2,11;2,091;2,091;3328
28/04/2006;2,11;2,11;2,0715;2,0728;4864
01/05/2006;2,076;2,076;2,0715;2,0715;5120
02/05/2006;2,076;2,079;2,044;2,044;3840
03/05/2006;2,051;2,0615;2,0455;2,0565;4352
04/05/2006;2,058;2,064;2,0495;2,0568;5120
05/05/2006;2,0575;2,058;2,0395;2,0395;3584
08/05/2006;2,044;2,0605;2,0375;2,057;4864
09/05/2006;2,062;2,062;2,0445;2,0452;5376
10/05/2006;2,0445;2,048;2,0445;2,0445;4608
11/05/2006;2,073;2,1015;2,0695;2,0923;3584
12/05/2006;2,098;2,1425;2,0895;2,1388;3584
15/05/2006;2,138;2,1845;2,08;2,1767;4608
16/05/2006;2,181;2,184;2,1255;2,127;3840
17/05/2006;2,1285;2,205;2,1285;2,2005;2944
18/05/2006;2,1985;2,2;2,169;2,1827;3584
19/05/2006;2,169;2,2055;2,11;2,202;4864
22/05/2006;2,208;2,283;2,202;2,283;4096
23/05/2006;2,281;2,289;2,2723;2,2855;3072
24/05/2006;2,353;2,3995;2,3515;2,396;4096
25/05/2006;2,325;2,34;2,2885;2,2885;3072
26/05/2006;2,275;2,275;2,2395;2,2395;3072
29/05/2006;2,238;2,238;2,234;2,234;4096
30/05/2006;2,273;2,305;2,2;2,3045;5120
31/05/2006;2,309;2,3175;2,2922;2,3175;4096
01/06/2006;2,304;2,321;2,2485;2,2485;3584
02/06/2006;2,25;2,275;2,2085;2,2552;5120
05/06/2006;2,275;2,275;2,245;2,245;4096
06/06/2006;2,263;2,2673;2,2535;2,2555;3072
07/06/2006;2,252;2,252;2,2415;2,2415;3072
08/06/2006;2,2535;2,2655;2,2345;2,2655;3072
09/06/2006;2,2605;2,2605;2,2443;2,2555;3072
12/06/2006;2,254;2,2855;2,251;2,2855;5120
13/06/2006;2,294;2,313;2,2873;2,307;3072
14/06/2006;2,308;2,308;2,2755;2,2755;3072
15/06/2006;2,279;2,279;2,262;2,2755;5120
16/06/2006;2,28;2,28;2,2395;2,2395;4096
19/06/2006;2,2445;2,2475;2,2445;2,2475;4096
20/06/2006;2,244;2,253;2,244;2,2505;3072
21/06/2006;2,2795;2,2795;2,2475;2,2475;3072
22/06/2006;2,223;2,2335;2,2205;2,2335;3072
23/06/2006;2,28;2,28;2,28;2,28;1
26/06/2006;2,23;2,23;2,2265;2,2295;5120
27/06/2006;2,239;2,239;2,229;2,236;3072
28/06/2006;2,2315;2,2315;2,2218;2,2218;3072
29/06/2006;2,2145;2,2145;2,2125;2,2125;4096
30/06/2006;2,1725;2,1725;2,1585;2,16;3072
03/07/2006;2,1605;2,1775;2,1575;2,1775;3072
04/07/2006;2,1735;2,1735;2,1705;2,1705;5120
05/07/2006;2,167;2,167;2,167;2,167;1
06/07/2006;2,198;2,198;2,169;2,169;5120
07/07/2006;2,173;2,1785;2,173;2,1785;3072
10/07/2006;2,181;2,181;2,1795;2,1795;3072
11/07/2006;2,179;2,1825;2,1775;2,1825;4096
12/07/2006;2,1765;2,195;2,1765;2,195;4096
13/07/2006;2,215;2,215;2,215;2,215;1
14/07/2006;2,208;2,211;2,208;2,211;4096
17/07/2006;2,214;2,2145;2,2108;2,213;4096
18/07/2006;2,1995;2,1995;2,187;2,187;3072
19/07/2006;2,191;2,191;2,1745;2,1745;3072
20/07/2006;2,175;2,191;2,175;2,1837;5120
21/07/2006;2,1875;2,1975;2,1875;2,1975;4096
24/07/2006;2,197;2,198;2,185;2,185;3072
25/07/2006;2,198;2,2005;2,186;2,2005;5120
26/07/2006;2,201;2,205;2,1885;2,1927;4096
27/07/2006;2,191;2,191;2,1865;2,189;3072
28/07/2006;2,188;2,188;2,169;2,169;3072
31/07/2006;2,175;2,177;2,175;2,177;4096
01/08/2006;2,189;2,1895;2,1695;2,1895;4096
02/08/2006;2,189;2,19;2,1735;2,1805;5120
03/08/2006;2,177;2,1895;2,1718;2,1718;4096
04/08/2006;2,172;2,181;2,171;2,181;3072
07/08/2006;2,189;2,191;2,174;2,183;4096
08/08/2006;2,182;2,191;2,178;2,191;5120
09/08/2006;2,176;2,182;2,166;2,166;4096
10/08/2006;2,165;2,182;2,161;2,161;3072
11/08/2006;2,157;2,164;2,157;2,164;3072
14/08/2006;2,176;2,176;2,158;2,16;3072
15/08/2006;2,166;2,166;2,1365;2,139;5120
16/08/2006;2,141;2,141;2,1323;2,1323;4096
17/08/2006;2,14;2,14;2,13;2,1315;4096
18/08/2006;2,136;2,1465;2,136;2,1465;3072
21/08/2006;2,146;2,146;2,13;2,13;3072
22/08/2006;2,129;2,138;2,126;2,1345;3584
23/08/2006;2,128;2,1465;2,128;2,1465;5120
24/08/2006;2,131;2,1515;2,131;2,1515;5120
25/08/2006;2,151;2,16;2,151;2,16;4096
28/08/2006;2,15;2,152;2,138;2,1407;5120
29/08/2006;2,15;2,15;2,1355;2,1355;4096
30/08/2006;2,15;2,152;2,1275;2,1375;5120
31/08/2006;2,132;2,1425;2,132;2,139;4096
01/09/2006;2,143;2,143;2,1363;2,1363;3072
04/09/2006;2,138;2,138;2,138;2,138;1
05/09/2006;2,1195;2,1295;2,1195;2,1295;3072
06/09/2006;2,13;2,1495;2,1265;2,1495;4096
07/09/2006;2,149;2,153;2,146;2,1477;4096
08/09/2006;2,145;2,157;2,145;2,157;5120
11/09/2006;2,158;2,174;2,157;2,1705;5120
12/09/2006;2,175;2,183;2,163;2,163;4608
13/09/2006;2,166;2,174;2,156;2,1563;2944
14/09/2006;2,153;2,166;2,1485;2,1625;4608
15/09/2006;2,162;2,162;2,1465;2,1472;3840
18/09/2006;2,158;2,158;2,14;2,1415;4864
19/09/2006;2,147;2,163;2,142;2,161;4608
20/09/2006;2,162;2,177;2,156;2,176;3840
21/09/2006;2,173;2,211;2,173;2,207;3072
22/09/2006;2,2035;2,221;2,2035;2,2065;4608
25/09/2006;2,206;2,234;2,202;2,2178;5120
26/09/2006;2,216;2,218;2,1875;2,1905;4096
27/09/2006;2,19;2,191;2,179;2,1835;3328
28/09/2006;2,1545;2,186;2,1545;2,1735;3584
29/09/2006;2,169;2,183;2,161;2,1663;2944
02/10/2006;2,169;2,173;2,1535;2,1555;4096
03/10/2006;2,155;2,173;2,155;2,1705;5120
04/10/2006;2,167;2,174;2,16;2,1623;4352
05/10/2006;2,163;2,167;2,155;2,1568;3072
06/10/2006;2,1548;2,167;2,1545;2,165;3328
09/10/2006;2,161;2,164;2,154;2,154;3712
10/10/2006;2,149;2,156;2,14;2,1485;2784
11/10/2006;2,149;2,16;2,1453;2,158;4480
12/10/2006;2,1507;2,164;2,15;2,15;4736
13/10/2006;2,151;2,156;2,129;2,1382;2944
16/10/2006;2,137;2,143;2,128;2,1342;5120
17/10/2006;2,1245;2,14;2,124;2,132;5120
18/10/2006;2,13;2,138;2,122;2,135;5504
19/10/2006;2,131;2,141;2,126;2,141;3008
20/10/2006;2,139;2,149;2,131;2,136;3520
23/10/2006;2,137;2,14;2,135;2,137;3840
24/10/2006;2,133;2,15;2,131;2,147;3968
25/10/2006;2,1425;2,156;2,137;2,1395;4480
26/10/2006;2,138;2,144;2,128;2,133;3392
27/10/2006;2,1302;2,143;2,1289;2,132;5440
30/10/2006;2,138;2,148;2,137;2,1425;5504
31/10/2006;2,142;2,147;2,132;2,1372;5088
01/11/2006;2,1367;2,143;2,129;2,142;2944
02/11/2006;2,138;2,1475;2,137;2,1411;4096
03/11/2006;2,137;2,147;2,132;2,138;5504
06/11/2006;2,132;2,138;2,132;2,136;4352
07/11/2006;2,137;2,137;2,129;2,1365;4608
08/11/2006;2,137;2,148;2,1355;2,145;4352
09/11/2006;2,138;2,145;2,135;2,144;4864
10/11/2006;2,1433;2,151;2,139;2,151;4864
13/11/2006;2,147;2,168;2,147;2,1675;3712
14/11/2006;2,1595;2,1631;2,143;2,1476;3084
15/11/2006;2,146;2,15;2,1443;2,15;3840
16/11/2006;2,145;2,157;2,1426;2,1513;4768
17/11/2006;2,1467;2,168;2,1458;2,1585;5152
20/11/2006;2,158;2,163;2,1535;2,158;4608
21/11/2006;2,1538;2,168;2,1535;2,162;4448
22/11/2006;2,1584;2,1787;2,156;2,1787;5032
23/11/2006;2,1616;2,172;2,1615;2,168;5196
24/11/2006;2,163;2,175;2,163;2,169;3474
27/11/2006;2,164;2,204;2,164;2,1927;3730
28/11/2006;2,1939;2,2;2,177;2,1775;3646
29/11/2006;2,1762;2,1855;2,164;2,167;3256
30/11/2006;2,162;2,1804;2,1605;2,165;2956
01/12/2006;2,1603;2,174;2,1603;2,166;3090
04/12/2006;2,165;2,171;2,151;2,158;4000
05/12/2006;2,1574;2,164;2,1469;2,149;5420
06/12/2006;2,1448;2,1622;2,14;2,14;4548
07/12/2006;2,1413;2,1536;2,1399;2,146;3250
08/12/2006;2,1404;2,1625;2,1357;2,1387;4444
11/12/2006;2,138;2,1455;2,135;2,137;5456
12/12/2006;2,1328;2,154;2,1328;2,151;4804
13/12/2006;2,1463;2,153;2,141;2,1525;4056
14/12/2006;2,1453;2,153;2,1396;2,1465;5060
15/12/2006;2,1423;2,1525;2,1408;2,146;3480
18/12/2006;2,145;2,1522;2,142;2,1444;4272
19/12/2006;2,1449;2,1635;2,1449;2,1635;4240
20/12/2006;2,158;2,164;2,151;2,1588;4608
21/12/2006;2,1533;2,1638;2,153;2,1601;5012
22/12/2006;2,1542;2,1601;2,1456;2,1475;3428
26/12/2006;2,1465;2,1501;2,1408;2,1429;3160
27/12/2006;2,1379;2,1505;2,1379;2,1455;3996
28/12/2006;2,1408;2,1472;2,1297;2,135;4048
29/12/2006;2,137;2,137;2,1345;2,1365;4096
02/01/2007;2,136;2,1465;2,126;2,133;4256
03/01/2007;2,1318;2,145;2,1313;2,1367;4304
04/01/2007;2,1372;2,1488;2,1372;2,1488;3976
05/01/2007;2,148;2,157;2,1396;2,1552;3604
08/01/2007;2,151;2,155;2,1449;2,147;3384
09/01/2007;2,146;2,153;2,143;2,149;3020
10/01/2007;2,1442;2,162;2,1431;2,1435;4860
11/01/2007;2,1431;2,153;2,142;2,148;3572
12/01/2007;2,1424;2,1506;2,134;2,1377;3448
15/01/2007;2,139;2,1433;2,1373;2,142;5408
16/01/2007;2,141;2,154;2,132;2,142;2900
17/01/2007;2,1356;2,1445;2,1286;2,134;3420
18/01/2007;2,1295;2,138;2,1279;2,1375;3624
19/01/2007;2,1306;2,1388;2,1265;2,13;2880
22/01/2007;2,129;2,1382;2,127;2,1317;2864
23/01/2007;2,133;2,1415;2,13;2,1305;3120
24/01/2007;2,1262;2,1376;2,122;2,1305;3352
25/01/2007;2,1255;2,136;2,122;2,132;2944
26/01/2007;2,1288;2,1405;2,1275;2,1381;4736
29/01/2007;2,1345;2,141;2,1296;2,135;3152
30/01/2007;2,137;2,1383;2,1235;2,1322;3200
31/01/2007;2,1308;2,1381;2,121;2,1233;3688
01/02/2007;2,122;2,1245;2,0905;2,0995;4184
02/02/2007;2,0911;2,1053;2,0772;2,1051;4992
05/02/2007;2,104;2,1071;2,0796;2,0841;3932
06/02/2007;2,0756;2,0885;2,0736;2,084;3704
07/02/2007;2,082;2,1;2,0783;2,095;3376
08/02/2007;2,0905;2,103;2,09;2,0902;3652
09/02/2007;2,0911;2,108;2,0911;2,1055;5120
12/02/2007;2,1078;2,119;2,1072;2,1165;2854
13/02/2007;2,109;2,1198;2,1023;2,1065;4638
14/02/2007;2,107;2,1095;2,0831;2,0875;3524
15/02/2007;2,0852;2,096;2,0814;2,0935;4966
16/02/2007;2,0887;2,0943;2,0859;2,0905;3786
19/02/2007;2,081;2,0921;2,081;2,091;3072
20/02/2007;2,0911;2,092;2,0875;2,091;4096
21/02/2007;2,09;2,0936;2,0726;2,0783;4472
22/02/2007;2,073;2,087;2,063;2,082;2798
23/02/2007;2,0822;2,093;2,0755;2,0895;5322
26/02/2007;2,089;2,091;2,0763;2,0839;3386
27/02/2007;2,083;2,15;2,0808;2,1187;4920
28/02/2007;2,1142;2,1377;2,1081;2,1175;4796
01/03/2007;2,119;2,136;2,1123;2,1214;3844
02/03/2007;2,1135;2,132;2,1135;2,131;3664
05/03/2007;2,13;2,152;2,13;2,145;3316
06/03/2007;2,144;2,145;2,1126;2,1171;2772
07/03/2007;2,116;2,1235;2,1079;2,1125;4504
08/03/2007;2,1137;2,123;2,1019;2,108;2866
09/03/2007;2,1028;2,11;2,0915;2,098;4430
12/03/2007;2,0945;2,099;2,0839;2,088;5444
13/03/2007;2,0835;2,114;2,0835;2,1013;4228
14/03/2007;2,1031;2,117;2,0875;2,0902;3886
15/03/2007;2,0855;2,095;2,084;2,0939;5138
16/03/2007;2,0889;2,095;2,0849;2,093;3380
19/03/2007;2,092;2,092;2,07;2,0777;2918
20/03/2007;2,077;2,081;2,0686;2,0801;2782
21/03/2007;2,072;2,0816;2,049;2,0569;4036
22/03/2007;2,058;2,066;2,0506;2,055;3676
23/03/2007;2,0556;2,069;2,055;2,0648;4196
26/03/2007;2,0565;2,066;2,053;2,0568;4892
27/03/2007;2,056;2,0825;2,056;2,0655;4676
28/03/2007;2,061;2,08;2,061;2,0692;3632
29/03/2007;2,0635;2,0692;2,033;2,035;5208
30/03/2007;2,044;2,0675;2,025;2,059;4072
02/04/2007;2,06;2,06;2,0423;2,046;4760
03/04/2007;2,042;2,048;2,0344;2,0365;3306
04/04/2007;2,039;2,041;2,027;2,0355;4044
05/04/2007;2,031;2,04;2,027;2,0271;4428
06/04/2007;2,0273;2,0276;2,0273;2,0276;4096
09/04/2007;2,0306;2,0323;2,016;2,025;4512
10/04/2007;2,0228;2,031;2,0193;2,0222;5064
11/04/2007;2,0271;2,041;2,022;2,0377;3348
12/04/2007;2,0334;2,0433;2,028;2,0296;3216
13/04/2007;2,0294;2,0367;2,0163;2,02;5308
16/04/2007;2,02;2,036;2,0165;2,032;2920
17/04/2007;2,036;2,039;2,0263;2,035;4872
18/04/2007;2,031;2,042;2,0275;2,033;2884
19/04/2007;2,029;2,041;2,0243;2,029;2832
20/04/2007;2,03;2,031;2,012;2,027;3648
23/04/2007;2,022;2,039;2,0189;2,036;3568
24/04/2007;2,0349;2,041;2,029;2,034;5256
25/04/2007;2,0333;2,034;2,013;2,02;2768
26/04/2007;2,016;2,035;2,0155;2,035;3920
27/04/2007;2,0261;2,035;2,022;2,028;3584
30/04/2007;2,028;2,0375;2,0119;2,0307;3616
01/05/2007;2,0309;2,036;2,0295;2,034;5504
02/05/2007;2,03;2,035;2,014;2,014;4576
03/05/2007;2,018;2,029;2,007;2,027;3200
04/05/2007;2,023;2,037;2,015;2,0303;3584
07/05/2007;2,032;2,036;2,015;2,02;3366
08/05/2007;2,016;2,027;2,015;2,0208;3328
09/05/2007;2,022;2,028;2,0133;2,018;4864
10/05/2007;2,014;2,0305;2,0097;2,0245;4658
11/05/2007;2,029;2,029;2,0133;2,0171;4628
14/05/2007;2,0145;2,019;2,003;2,008;4160
15/05/2007;2,004;2,008;1,9748;1,982;4464
16/05/2007;1,978;1,982;1,9485;1,952;3584
17/05/2007;1,948;1,965;1,9467;1,953;2848
18/05/2007;1,949;1,97;1,947;1,959;4652
21/05/2007;1,955;1,96;1,9339;1,934;2800
22/05/2007;1,938;1,948;1,93;1,944;3632
23/05/2007;1,9395;1,9541;1,9363;1,948;3232
24/05/2007;1,953;1,975;1,946;1,969;3032
25/05/2007;1,965;1,969;1,9455;1,95;2768
28/05/2007;1,947;1,9511;1,9375;1,943;5256
29/05/2007;1,939;1,954;1,9305;1,948;4928
30/05/2007;1,9435;1,962;1,935;1,941;5312
31/05/2007;1,937;1,942;1,913;1,925;3264
01/06/2007;1,929;1,929;1,896;1,903;4256
04/06/2007;1,903;1,933;1,896;1,933;3848
05/06/2007;1,926;1,946;1,918;1,944;4160
06/06/2007;1,937;1,972;1,937;1,951;4672
07/06/2007;1,944;1,969;1,944;1,969;5376
08/06/2007;1,974;1,989;1,958;1,96;4352
11/06/2007;1,958;1,9622;1,9331;1,941;4460
12/06/2007;1,94;1,9585;1,934;1,946;4160
13/06/2007;1,943;1,961;1,939;1,946;3200
14/06/2007;1,935;1,937;1,9245;1,927;3328
15/06/2007;1,914;1,915;1,905;1,913;4608
18/06/2007;1,9098;1,911;1,898;1,907;3424
19/06/2007;1,9079;1,9128;1,8989;1,908;3944
20/06/2007;1,9039;1,931;1,8945;1,931;5408
21/06/2007;1,93;1,936;1,911;1,924;5252
22/06/2007;1,925;1,946;1,921;1,9418;3736
25/06/2007;1,9439;1,9564;1,9287;1,953;5088
26/06/2007;1,943;1,959;1,94;1,959;4864
27/06/2007;1,953;1,967;1,9345;1,944;3860
28/06/2007;1,941;1,941;1,918;1,9247;4588
29/06/2007;1,926;1,9372;1,917;1,9282;3852
02/07/2007;1,9279;1,929;1,91;1,915;5384
03/07/2007;1,914;1,916;1,905;1,91;5264
04/07/2007;1,911;1,915;1,9058;1,91;4560
05/07/2007;1,909;1,922;1,906;1,913;5520
06/07/2007;1,915;1,915;1,8985;1,9021;3936
09/07/2007;1,903;1,906;1,8959;1,906;2944
10/07/2007;1,903;1,91;1,888;1,894;4912
12/07/2007;1,876;1,88;1,871;1,873;5120
13/07/2007;1,872;1,874;1,863;1,865;3584
16/07/2007;1,8605;1,873;1,859;1,868;3584
17/07/2007;1,869;1,869;1,8568;1,859;4040
18/07/2007;1,8578;1,866;1,854;1,864;4608
19/07/2007;1,852;1,8621;1,852;1,861;3072
20/07/2007;1,856;1,865;1,8546;1,855;4800
23/07/2007;1,853;1,858;1,8359;1,84;2948
24/07/2007;1,841;1,8665;1,841;1,8665;4352
25/07/2007;1,8675;1,8825;1,8545;1,8635;4096
26/07/2007;1,862;1,933;1,862;1,9275;3468
27/07/2007;1,9294;1,941;1,892;1,893;3592
30/07/2007;1,9025;1,9025;1,873;1,8763;3200
31/07/2007;1,876;1,8905;1,8605;1,8818;4856
01/08/2007;1,8875;1,8915;1,8805;1,8915;4352
02/08/2007;1,889;1,891;1,867;1,8819;5216
03/08/2007;1,8725;1,9015;1,8725;1,9;2816
06/08/2007;1,9025;1,9205;1,896;1,9125;4860
07/08/2007;1,8995;1,912;1,8995;1,9105;4352
08/08/2007;1,9055;1,9055;1,8825;1,8895;3584
09/08/2007;1,883;1,9305;1,883;1,9255;3456
10/08/2007;1,9325;1,9605;1,9255;1,95;3200
13/08/2007;1,9445;1,9555;1,934;1,9465;3776
14/08/2007;1,95;1,9995;1,9282;1,996;2888
15/08/2007;1,9905;2,0475;1,978;2,0295;3008
16/08/2007;2,0345;2,13;2,0345;2,0985;3204
17/08/2007;2,092;2,0985;2,0005;2,0005;4096
20/08/2007;2,0226;2,061;1,9985;2,0345;3762
21/08/2007;2,0225;2,045;2,021;2,0365;3204
22/08/2007;2,029;2,0345;1,9975;2,0155;5376
23/08/2007;2,0145;2,0145;1,976;1,9885;4960
24/08/2007;1,988;1,9915;1,94;1,9415;4256
27/08/2007;1,942;1,963;1,94;1,9563;2804
28/08/2007;1,96;2,017;1,96;2,0125;3196
29/08/2007;2,0015;2,0015;1,9625;1,976;2816
30/08/2007;1,9655;1,9885;1,9635;1,9775;5120
31/08/2007;1,9535;1,969;1,9535;1,9685;5120
03/09/2007;1,9785;1,9785;1,9606;1,9715;4624
04/09/2007;1,9635;1,964;1,9465;1,9545;3840
05/09/2007;1,9485;1,9735;1,9475;1,9735;3456
06/09/2007;1,967;1,9735;1,945;1,9515;3968
07/09/2007;1,951;1,9625;1,951;1,9625;5120
10/09/2007;1,9665;1,9665;1,9449;1,9481;3104
11/09/2007;1,944;1,9485;1,9186;1,9304;3776
12/09/2007;1,9175;1,922;1,8955;1,8975;4928
13/09/2007;1,907;1,9105;1,893;1,907;4496
14/09/2007;1,9075;1,911;1,891;1,9005;4096
17/09/2007;1,9095;1,9245;1,9095;1,9245;3328
18/09/2007;1,9175;1,9195;1,868;1,868;3584
19/09/2007;1,8745;1,8755;1,856;1,8655;4672
20/09/2007;1,86;1,8835;1,848;1,8835;4480
21/09/2007;1,8675;1,8675;1,8615;1,867;5120
24/09/2007;1,865;1,874;1,8599;1,8699;2888
25/09/2007;1,8675;1,878;1,8552;1,8575;2784
26/09/2007;1,8595;1,8595;1,842;1,8445;5280
27/09/2007;1,839;1,8455;1,8375;1,8455;2816
28/09/2007;1,8405;1,8455;1,829;1,834;3584
01/10/2007;1,8395;1,8395;1,806;1,8105;3648
02/10/2007;1,8195;1,837;1,816;1,8325;3904
03/10/2007;1,829;1,8443;1,818;1,8405;3512
04/10/2007;1,8415;1,8415;1,8214;1,8255;2960
05/10/2007;1,824;1,8245;1,8035;1,8035;5312
08/10/2007;1,8075;1,8205;1,8025;1,8195;4096
09/10/2007;1,8105;1,8105;1,8015;1,8015;5120
10/10/2007;1,8025;1,8055;1,8025;1,8045;4096
11/10/2007;1,7862;1,8005;1,782;1,7965;4896
12/10/2007;1,7945;1,8075;1,7925;1,8005;4864
16/10/2007;1,8035;1,8185;1,7955;1,8185;3584
17/10/2007;1,8235;1,8295;1,811;1,8175;3200
18/10/2007;1,801;1,8205;1,799;1,8145;3456
19/10/2007;1,8205;1,8205;1,78;1,7845;3712
20/10/2007;1,778;1,8035;1,778;1,8035;3584
22/10/2007;1,8025;1,834;1,8025;1,8165;3072
23/10/2007;1,8035;1,804;1,7915;1,7965;3328
24/10/2007;1,802;1,8105;1,7945;1,802;2816
25/10/2007;1,8075;1,8075;1,7865;1,7915;2816
26/10/2007;1,7775;1,7785;1,768;1,768;5120
29/10/2007;1,7775;1,7775;1,7535;1,7615;3328
30/10/2007;1,763;1,763;1,7505;1,7535;5120
31/10/2007;1,7485;1,7545;1,7345;1,7345;2816
01/11/2007;1,7375;1,7555;1,7375;1,7555;3584
02/11/2007;1,7485;1,7515;1,7485;1,7515;4096
05/11/2007;1,7545;1,7605;1,7525;1,7605;4608
06/11/2007;1,732;1,7375;1,728;1,7375;5120
07/11/2007;1,7385;1,7505;1,731;1,7505;4352
08/11/2007;1,7315;1,7515;1,7315;1,7515;3328
09/11/2007;1,7395;1,7545;1,7395;1,7505;3584
12/11/2007;1,7455;1,7945;1,7455;1,7945;4864
13/11/2007;1,788;1,8005;1,743;1,7535;5056
14/11/2007;1,748;1,757;1,727;1,7405;5376
15/11/2007;1,735;1,7545;1,7335;1,7545;3584
16/11/2007;1,745;1,7545;1,7365;1,7465;3584
19/11/2007;1,743;1,7665;1,743;1,7665;4096
20/11/2007;1,766;1,766;1,755;1,7585;3840
21/11/2007;1,758;1,7935;1,758;1,784;2944
22/11/2007;1,7765;1,7795;1,7705;1,7795;4096
23/11/2007;1,775;1,8045;1,775;1,8025;3840
26/11/2007;1,7885;1,8475;1,7885;1,8475;5376
27/11/2007;1,8385;1,8695;1,8375;1,8415;4608
28/11/2007;1,8355;1,837;1,784;1,784;4352
29/11/2007;1,7845;1,7965;1,7835;1,792;3584
30/11/2007;1,7775;1,7975;1,766;1,7965;4352
03/12/2007;1,7825;1,8015;1,7825;1,7955;4352
04/12/2007;1,7965;1,8275;1,7965;1,804;5120
05/12/2007;1,8105;1,822;1,7935;1,7975;3072
06/12/2007;1,796;1,8025;1,7685;1,774;4864
07/12/2007;1,7685;1,7715;1,757;1,758;4096
10/12/2007;1,7585;1,7705;1,7535;1,7615;5376
11/12/2007;1,767;1,7815;1,755;1,756;2912
12/12/2007;1,7805;1,7805;1,753;1,765;5376
13/12/2007;1,7705;1,783;1,759;1,7815;2984
14/12/2007;1,775;1,8005;1,767;1,7975;3872
17/12/2007;1,7965;1,8235;1,786;1,8175;3872
18/12/2007;1,817;1,8195;1,796;1,8075;3264
19/12/2007;1,8115;1,8125;1,794;1,7995;2784
20/12/2007;1,808;1,8125;1,794;1,8035;2848
21/12/2007;1,797;1,8055;1,786;1,7905;5120
24/12/2007;1,7925;1,7925;1,7835;1,7905;4224
25/12/2007;1,7925;1,7925;1,7925;1,7925;1
26/12/2007;1,788;1,7925;1,7675;1,7675;5312
27/12/2007;1,7705;1,782;1,7525;1,7635;5440
28/12/2007;1,763;1,783;1,7505;1,7825;2784
31/12/2007;1,758;1,7825;1,758;1,7795;5120
02/01/2008;1,775;1,7865;1,755;1,756;3216
03/01/2008;1,7625;1,771;1,7475;1,7515;4384
04/01/2008;1,763;1,771;1,7415;1,7565;4800
07/01/2008;1,765;1,7775;1,7485;1,7645;3264
08/01/2008;1,763;1,7735;1,749;1,7595;5504
09/01/2008;1,768;1,7735;1,755;1,7655;2880
10/01/2008;1,768;1,7695;1,7515;1,753;5504
11/01/2008;1,7585;1,769;1,745;1,7475;5440
14/01/2008;1,748;1,7555;1,724;1,725;4528
15/01/2008;1,7305;1,7565;1,724;1,7555;3016
16/01/2008;1,7535;1,7755;1,747;1,7715;4992
17/01/2008;1,762;1,79;1,761;1,79;3648
18/01/2008;1,781;1,795;1,776;1,784;3712
21/01/2008;1,7785;1,8365;1,7785;1,8335;3072
22/01/2008;1,8345;1,8355;1,7895;1,7955;5056
23/01/2008;1,78;1,8255;1,78;1,8185;3424
24/01/2008;1,817;1,8185;1,781;1,7835;3168
25/01/2008;1,7845;1,7935;1,7785;1,7865;3968
28/01/2008;1,786;1,7965;1,7765;1,7825;3264
29/01/2008;1,782;1,7845;1,761;1,7785;3456
30/01/2008;1,778;1,7825;1,7505;1,7605;2848
31/01/2008;1,759;1,7805;1,7565;1,7585;2976
01/02/2008;1,7575;1,7665;1,7395;1,7525;5504
04/02/2008;1,745;1,7475;1,7395;1,7465;5120
05/02/2008;1,746;1,7665;1,7445;1,7465;2816
06/02/2008;1,764;1,764;1,744;1,7595;2816
07/02/2008;1,757;1,778;1,7505;1,7585;4352
08/02/2008;1,7665;1,7745;1,7585;1,7708;4992
12/02/2008;1,7708;1,7708;1,749;1,7605;4128
13/02/2008;1,7575;1,7685;1,735;1,7495;4592
14/02/2008;1,749;1,7565;1,735;1,7465;4464
15/02/2008;1,745;1,7535;1,732;1,7485;3088
16/02/2008;1,748;1,7575;1,7425;1,7535;4544
18/02/2008;1,7485;1,7495;1,7335;1,7405;3456
19/02/2008;1,7335;1,7375;1,727;1,7335;3520
20/02/2008;1,748;1,748;1,7155;1,7175;3360
21/02/2008;1,717;1,7175;1,7015;1,7075;2976
22/02/2008;1,7165;1,7185;1,695;1,7075;2976
25/02/2008;1,707;1,7095;1,696;1,7025;2784
26/02/2008;1,704;1,7065;1,674;1,6855;5120
27/02/2008;1,6835;1,708;1,656;1,6715;5296
28/02/2008;1,6665;1,6805;1,6655;1,6655;3040
29/02/2008;1,667;1,6955;1,665;1,6895;3040
03/03/2008;1,669;1,6955;1,6675;1,6695;3232
04/03/2008;1,6688;1,6875;1,664;1,6765;3232
05/03/2008;1,686;1,7025;1,66;1,6625;3680
06/03/2008;1,662;1,6935;1,659;1,6935;3232
07/03/2008;1,672;1,6985;1,672;1,6855;3200
10/03/2008;1,682;1,7115;1,677;1,7045;3136
11/03/2008;1,709;1,709;1,675;1,684;2832
12/03/2008;1,6905;1,7;1,6725;1,684;3648
13/03/2008;1,6735;1,7125;1,6725;1,6895;3552
14/03/2008;1,695;1,7215;1,6765;1,7145;5504
17/03/2008;1,714;1,7335;1,7125;1,7245;3040
18/03/2008;1,7225;1,7245;1,6835;1,6865;3040
19/03/2008;1,686;1,7305;1,682;1,7245;3328
20/03/2008;1,725;1,7505;1,7195;1,7315;3040
21/03/2008;1,739;1,739;1,731;1,7315;3584
24/03/2008;1,731;1,745;1,685;1,728;5120
25/03/2008;1,745;1,7465;1,728;1,7335;3232
26/03/2008;1,691;1,741;1,691;1,722;3536
27/03/2008;1,7275;1,7405;1,717;1,731;5520
28/03/2008;1,7365;1,7736;1,731;1,7445;3072
31/03/2008;1,7445;1,7605;1,728;1,75;2984
01/04/2008;1,7555;1,7555;1,733;1,733;5424
02/04/2008;1,7395;1,749;1,719;1,7265;3664
03/04/2008;1,728;1,7295;1,716;1,7185;3168
04/04/2008;1,718;1,7195;1,703;1,7095;2848
07/04/2008;1,705;1,7105;1,695;1,7065;3104
08/04/2008;1,697;1,733;1,687;1,689;4352
09/04/2008;1,6955;1,6995;1,678;1,681;3312
10/04/2008;1,688;1,6925;1,671;1,6875;3232
11/04/2008;1,682;1,6915;1,68;1,6905;5024
14/04/2008;1,688;1,71;1,676;1,6895;3648
15/04/2008;1,689;1,6895;1,6775;1,6785;5440
16/04/2008;1,6775;1,685;1,6605;1,6635;5056
17/04/2008;1,664;1,664;1,6545;1,6575;2816
18/04/2008;1,656;1,672;1,653;1,6685;5120
21/04/2008;1,6665;1,6695;1,653;1,657;4640
22/04/2008;1,6625;1,6695;1,648;1,652;4096
23/04/2008;1,6575;1,66;1,646;1,6525;2952
24/04/2008;1,657;1,6755;1,6525;1,6745;2976
25/04/2008;1,671;1,6795;1,665;1,6665;5504
28/04/2008;1,6685;1,6915;1,6625;1,6865;2912
29/04/2008;1,685;1,7125;1,6595;1,7055;3168
30/04/2008;1,703;1,7075;1,6615;1,6625;3040
01/05/2008;1,662;1,6625;1,6605;1,6625;3328
02/05/2008;1,662;1,695;1,6445;1,6495;5312
05/05/2008;1,645;1,6615;1,645;1,6525;3360
06/05/2008;1,656;1,683;1,6525;1,6565;2848
07/05/2008;1,66;1,6915;1,6555;1,6845;3456
08/05/2008;1,684;1,7005;1,677;1,691;4928
09/05/2008;1,6965;1,7025;1,679;1,6845;2792
12/05/2008;1,696;1,696;1,6615;1,6625;3296
13/05/2008;1,664;1,6655;1,6545;1,6645;2944
14/05/2008;1,656;1,6725;1,656;1,6685;3040
15/05/2008;1,661;1,6685;1,645;1,646;3552
16/05/2008;1,6525;1,655;1,634;1,6405;2976
19/05/2008;1,6405;1,6525;1,633;1,6505;4864
20/05/2008;1,649;1,6585;1,647;1,6505;4992
21/05/2008;1,6485;1,6595;1,641;1,6575;3104
22/05/2008;1,6565;1,657;1,6485;1,6565;3584
23/05/2008;1,656;1,6655;1,6485;1,6605;4992
26/05/2008;1,6585;1,6625;1,651;1,6575;3584
27/05/2008;1,6595;1,6745;1,6503;1,6675;3296
28/05/2008;1,671;1,671;1,6505;1,6515;3072
29/05/2008;1,661;1,661;1,635;1,6375;3104
30/05/2008;1,636;1,665;1,622;1,6265;2816
02/06/2008;1,626;1,6355;1,624;1,6255;3200
03/06/2008;1,628;1,6335;1,617;1,6335;5376
04/06/2008;1,621;1,6365;1,621;1,6295;2976
05/06/2008;1,629;1,6355;1,622;1,6265;3424
06/06/2008;1,626;1,6345;1,6235;1,6335;2912
09/06/2008;1,6295;1,6315;1,62;1,6255;5440
10/06/2008;1,626;1,651;1,62;1,638;4304
11/06/2008;1,6435;1,6505;1,631;1,634;2928
12/06/2008;1,6405;1,6485;1,627;1,628;3200
13/06/2008;1,6345;1,6405;1,626;1,629;2880
16/06/2008;1,6355;1,6388;1,6225;1,6225;2896
17/06/2008;1,626;1,626;1,6;1,605;5472
18/06/2008;1,6105;1,616;1,599;1,601;2936
19/06/2008;1,6075;1,639;1,595;1,601;5376
20/06/2008;1,6065;1,6095;1,6005;1,6055;3024
23/06/2008;1,603;1,6155;1,6006;1,6135;3040
24/06/2008;1,61;1,6135;1,6;1,6045;3008
25/06/2008;1,601;1,6075;1,589;1,5905;2848
26/06/2008;1,591;1,6025;1,589;1,6025;3008
27/06/2008;1,597;1,6125;1,593;1,5945;5376
30/06/2008;1,5945;1,6045;1,588;1,6045;2976
01/07/2008;1,603;1,6115;1,5975;1,5975;3200
02/07/2008;1,598;1,6105;1,5925;1,6095;3072
03/07/2008;1,596;1,6135;1,596;1,6095;3776
04/07/2008;1,6105;1,6145;1,606;1,6075;3584
07/07/2008;1,607;1,6095;1,598;1,5995;2784
08/07/2008;1,6;1,6135;1,59;1,604;3712
09/07/2008;1,6105;1,612;1,604;1,6095;3152
10/07/2008;1,6125;1,6195;1,6045;1,6055;2976
11/07/2008;1,607;1,6085;1,6;1,6015;4352
14/07/2008;1,603;1,605;1,59;1,5975;2912
15/07/2008;1,597;1,5985;1,585;1,5935;3456
16/07/2008;1,587;1,5985;1,587;1,5955;3008
17/07/2008;1,595;1,6015;1,586;1,5985;2912
18/07/2008;1,597;1,5985;1,587;1,5895;4544
21/07/2008;1,589;1,5895;1,576;1,5825;3904
22/07/2008;1,582;1,5865;1,572;1,573;3856
23/07/2008;1,5795;1,5845;1,573;1,5825;5472
24/07/2008;1,583;1,5835;1,573;1,5785;4736
25/07/2008;1,576;1,5835;1,565;1,5735;4672
28/07/2008;1,5735;1,5835;1,567;1,5745;3088
29/07/2008;1,574;1,5755;1,567;1,5685;4480
30/07/2008;1,5735;1,589;1,559;1,5615;4672
31/07/2008;1,589;1,589;1,56;1,5665;3072
01/08/2008;1,572;1,574;1,5555;1,5605;2912
04/08/2008;1,56;1,5685;1,558;1,5595;3040
05/08/2008;1,559;1,5765;1,559;1,5735;5248
06/08/2008;1,573;1,5825;1,5705;1,5775;3104
07/08/2008;1,5735;1,5985;1,571;1,5975;3232
08/08/2008;1,561;1,6235;1,561;1,6075;5056
11/08/2008;1,607;1,6275;1,596;1,6265;3072
12/08/2008;1,615;1,6265;1,609;1,6195;2976
13/08/2008;1,59;1,629;1,59;1,6135;3584
14/08/2008;1,597;1,6285;1,597;1,6245;3008
15/08/2008;1,624;1,6415;1,612;1,6395;4672
18/08/2008;1,64;1,6425;1,615;1,6375;3104
19/08/2008;1,64;1,652;1,6225;1,6255;3296
20/08/2008;1,625;1,6418;1,6155;1,6205;3072
21/08/2008;1,624;1,6255;1,608;1,6095;4352
22/08/2008;1,614;1,6275;1,609;1,6275;2784
25/08/2008;1,627;1,634;1,619;1,6305;5120
26/08/2008;1,628;1,6445;1,628;1,6295;3392
27/08/2008;1,6285;1,629;1,6184;1,6205;2976
28/08/2008;1,62;1,6345;1,616;1,6345;3072
29/08/2008;1,631;1,637;1,596;1,6295;2976
01/09/2008;1,629;1,6495;1,629;1,6475;4736
02/09/2008;1,631;1,6655;1,631;1,6555;4064
03/09/2008;1,65;1,6795;1,649;1,6785;4640
04/09/2008;1,678;1,7205;1,677;1,7135;3360
05/09/2008;1,715;1,747;1,6945;1,7155;2880
08/09/2008;1,7155;1,7425;1,6885;1,735;3376
09/09/2008;1,7405;1,7865;1,711;1,766;2832
10/09/2008;1,7725;1,794;1,728;1,7885;3216
11/09/2008;1,7545;1,84;1,754;1,8005;4032
12/09/2008;1,817;1,817;1,776;1,7815;3104
15/09/2008;1,783;1,833;1,781;1,8125;3840
16/09/2008;1,813;1,8525;1,7835;1,8165;3744
17/09/2008;1,816;1,9015;1,81;1,8915;3648
18/09/2008;1,868;1,9605;1,8665;1,8895;3872
19/09/2008;1,8955;1,8955;1,8155;1,8295;3232
22/09/2008;1,831;1,8335;1,7865;1,8065;3872
23/09/2008;1,7925;1,8485;1,7917;1,8395;3488
24/09/2008;1,839;1,8655;1,822;1,8545;3776
25/09/2008;1,848;1,8655;1,8125;1,8215;3392
26/09/2008;1,821;1,8725;1,821;1,8445;3136
29/09/2008;1,851;1,9735;1,849;1,9615;4704
30/09/2008;1,958;1,9625;1,889;1,9035;3360
01/10/2008;1,901;1,965;1,897;1,9235;2768
02/10/2008;1,923;2,035;1,9175;2,0255;3424
03/10/2008;1,965;2,062;1,965;2,0475;2880
06/10/2008;2,037;2,2005;2,037;2,1965;3232
07/10/2008;2,196;2,3115;2,161;2,3105;3040
08/10/2008;2,31;2,4505;2,257;2,3155;3456
09/10/2008;2,28;2,3155;2,16;2,2675;3264
10/10/2008;2,285;2,3175;2,248;2,3125;3136
13/10/2008;2,312;2,3125;2,125;2,1275;4800
14/10/2008;2,21;2,21;2,0395;2,0775;3712
15/10/2008;2,11;2,2305;2,077;2,2305;2976
16/10/2008;2,225;2,2535;2,129;2,1295;3872
17/10/2008;2,129;2,149;2,075;2,1205;3424
20/10/2008;2,112;2,1325;2,0855;2,1175;3904
21/10/2008;2,117;2,2505;2,1115;2,2465;3712
22/10/2008;2,244;2,3885;2,244;2,3795;3712
23/10/2008;2,382;2,5305;2,2415;2,2655;3712
24/10/2008;2,264;2,3945;2,264;2,3105;3744
27/10/2008;2,31;2,3215;2,231;2,2535;4320
28/10/2008;2,256;2,2565;2,1525;2,161;4256
29/10/2008;2,1615;2,179;2,1095;2,1285;3680
30/10/2008;2,113;2,1345;2,0935;2,1045;3936
31/10/2008;2,097;2,1715;2,091;2,1645;2816
03/11/2008;2,164;2,203;2,145;2,1615;4192
04/11/2008;2,172;2,1775;2,094;2,1185;3840
05/11/2008;2,118;2,1325;2,101;2,1175;4256
06/11/2008;2,117;2,2255;2,1155;2,2065;3936
07/11/2008;2,222;2,2235;2,1445;2,1475;3808
10/11/2008;2,157;2,1935;2,11;2,1755;3584
11/11/2008;2,1735;2,2335;2,1735;2,2195;3712
12/11/2008;2,207;2,3285;2,207;2,3285;3584
13/11/2008;2,3225;2,3835;2,2855;2,3125;3616
14/11/2008;2,349;2,349;2,231;2,249;2816
17/11/2008;2,231;2,324;2,2245;2,2785;3584
18/11/2008;2,278;2,3415;2,278;2,3345;4032
19/11/2008;2,334;2,4075;2,297;2,3815;3904
20/11/2008;2,387;2,4135;2,3815;2,3905;4864
21/11/2008;2,396;2,4765;2,3865;2,4765;3584
24/11/2008;2,459;2,4765;2,3065;2,3165;3200
25/11/2008;2,3335;2,357;2,2815;2,3275;4544
26/11/2008;2,327;2,363;2,2075;2,2075;4992
27/11/2008;2,204;2,2975;2,204;2,2945;4864
28/11/2008;2,207;2,3375;2,207;2,3035;3296
01/12/2008;2,296;2,3755;2,296;2,3465;3648
02/12/2008;2,344;2,4185;2,2985;2,4095;3808
03/12/2008;2,409;2,5035;2,376;2,5035;2944
04/12/2008;2,495;2,5395;2,4635;2,5035;3584
05/12/2008;2,515;2,6185;2,422;2,4295;3936
08/12/2008;2,471;2,5255;2,397;2,5115;3744
09/12/2008;2,516;2,5455;2,438;2,4795;3712
10/12/2008;2,478;2,5055;2,4165;2,4465;4032
11/12/2008;2,444;2,444;2,2915;2,3665;3584
12/12/2008;2,366;2,414;2,2975;2,3995;3392
15/12/2008;2,399;2,4115;2,347;2,3835;3488
16/12/2008;2,356;2,398;2,3065;2,3065;3936
17/12/2008;2,354;2,3845;2,306;2,3645;3616
18/12/2008;2,341;2,4255;2,336;2,425;3552
19/12/2008;2,4255;2,4655;2,3525;2,3535;3264
22/12/2008;2,368;2,407;2,353;2,3935;3776
23/12/2008;2,393;2,3935;2,37;2,3745;3488
24/12/2008;2,374;2,386;2,372;2,3755;2944
26/12/2008;2,3845;2,3845;2,355;2,3755;3776
29/12/2008;2,375;2,4175;2,342;2,3865;3328
30/12/2008;2,377;2,3865;2,3045;2,3315;3104
31/12/2008;2,314;2,3315;2,313;2,3135;3840
02/01/2009;2,331;2,3405;2,31;2,3215;3584
05/01/2009;2,323;2,331;2,2345;2,2345;3456
06/01/2009;2,2365;2,2365;2,1615;2,177;3584
07/01/2009;2,1735;2,2755;2,1735;2,2725;3136
08/01/2009;2,272;2,3065;2,25;2,2955;3392
09/01/2009;2,295;2,3005;2,2515;2,2515;3552
12/01/2009;2,251;2,327;2,251;2,3155;3328
13/01/2009;2,299;2,3305;2,295;2,3145;3552
14/01/2009;2,307;2,3755;2,304;2,3655;3424
15/01/2009;2,3665;2,396;2,349;2,3545;3552
16/01/2009;2,354;2,3545;2,3085;2,3415;3008
19/01/2009;2,339;2,3545;2,3135;2,3545;5120
20/01/2009;2,325;2,379;2,3245;2,3755;3488
21/01/2009;2,356;2,3755;2,3335;2,3365;3392
22/01/2009;2,342;2,3525;2,3155;2,3165;3744
23/01/2009;2,3528;2,365;2,3148;2,3305;8431
26/01/2009;2,309;2,3287;2,3005;2,31;8816
27/01/2009;2,3055;2,3438;2,3031;2,343;8601
28/01/2009;2,3167;2,3241;2,2598;2,2767;10106
29/01/2009;2,2515;2,2962;2,248;2,2933;9592
30/01/2009;2,314;2,3287;2,2932;2,3195;9779
02/02/2009;2,3518;2,3664;2,3128;2,3253;8132
03/02/2009;2,316;2,3295;2,2999;2,3181;9025
04/02/2009;2,3155;2,323;2,2745;2,3035;8229
05/02/2009;2,3095;2,3215;2,2761;2,2852;9796
06/02/2009;2,2715;2,29;2,2422;2,2572;8869
09/02/2009;2,2438;2,2629;2,2323;2,2615;8107
10/02/2009;2,2605;2,31;2,2389;2,3048;9872
11/02/2009;2,2913;2,3026;2,2408;2,2626;8206
12/02/2009;2,2907;2,3121;2,2673;2,2946;8646
13/02/2009;2,2715;2,3079;2,2503;2,2522;6759
16/02/2009;2,2555;2,2797;2,2542;2,273;6974
17/02/2009;2,2765;2,3352;2,2755;2,3312;8317
18/02/2009;2,3425;2,3614;2,3208;2,3543;7501
19/02/2009;2,3515;2,3736;2,318;2,3686;7847
20/02/2009;2,3745;2,4004;2,3385;2,3909;8516
23/02/2009;2,3793;2,3958;2,3764;2,379;6646
24/02/2009;2,3797;2,3949;2,378;2,3846;6409
25/02/2009;2,3835;2,396;2,3646;2,3697;7458
26/02/2009;2,3677;2,3733;2,3408;2,3552;6432
27/02/2009;2,3583;2,3862;2,3487;2,3815;6721
02/03/2009;2,3917;2,4479;2,3911;2,4461;6580
03/03/2009;2,4503;2,4505;2,4;2,4161;7307
04/03/2009;2,4185;2,4195;2,3609;2,3679;7490
05/03/2009;2,3687;2,3989;2,3644;2,3921;7350
06/03/2009;2,3913;2,3951;2,3654;2,3801;7960
09/03/2009;2,3867;2,3923;2,3638;2,3841;6929
10/03/2009;2,3753;2,3779;2,3365;2,3389;7324
11/03/2009;2,3315;2,3531;2,3139;2,337;7455
12/03/2009;2,3515;2,3517;2,2928;2,296;7966
13/03/2009;2,3075;2,3158;2,2734;2,2987;6687
16/03/2009;2,2993;2,3432;2,2546;2,2714;7703
17/03/2009;2,2745;2,2931;2,2727;2,2844;7084
18/03/2009;2,2815;2,3069;2,2485;2,2615;8329
19/03/2009;2,2617;2,2618;2,2205;2,2515;7875
20/03/2009;2,2576;2,2689;2,2408;2,2677;7465
23/03/2009;2,2646;2,28;2,238;2,2467;4605
24/03/2009;2,2507;2,2657;2,2392;2,2453;5613
25/03/2009;2,2444;2,2651;2,2339;2,2409;5847
26/03/2009;2,2378;2,2497;2,2183;2,2462;4824
27/03/2009;2,2418;2,2942;2,234;2,2895;4146
30/03/2009;2,2931;2,3389;2,274;2,3283;4240
31/03/2009;2,3138;2,3263;2,2967;2,3217;4106
01/04/2009;2,3138;2,3138;2,2714;2,2714;4019
02/04/2009;2,2727;2,2795;2,226;2,2312;5230
03/04/2009;2,2223;2,233;2,1928;2,2097;4363
06/04/2009;2,2103;2,2324;2,2009;2,2218;3468
07/04/2009;2,2437;2,2454;2,2128;2,2133;3632
08/04/2009;2,2073;2,2255;2,1918;2,205;3497
09/04/2009;2,2113;2,2115;2,1658;2,1685;4338
10/04/2009;2,1707;2,1713;2,1692;2,1706;402
13/04/2009;2,1682;2,1771;2,1599;2,1725;2958
14/04/2009;2,1865;2,2088;2,1682;2,2083;3950
15/04/2009;2,2229;2,2229;2,1804;2,1835;3684
16/04/2009;2,188;2,1943;2,1683;2,169;3570
17/04/2009;2,1881;2,198;2,1695;2,1973;2839
20/04/2009;2,209;2,2468;2,1803;2,246;3414
21/04/2009;2,2463;2,2477;2,2201;2,2215;3648
22/04/2009;2,221;2,239;2,1978;2,2108;3300
23/04/2009;2,2028;2,2213;2,1893;2,2108;3886
24/04/2009;2,1949;2,2158;2,1785;2,182;3997
27/04/2009;2,1998;2,224;2,1812;2,2217;4310
28/04/2009;2,2265;2,2368;2,1927;2,2005;4297
29/04/2009;2,1829;2,2137;2,1597;2,1817;4917
30/04/2009;2,1789;2,1925;2,1599;2,189;4888
01/05/2009;2,1803;2,2128;2,1692;2,189;2667
04/05/2009;2,1971;2,1973;2,1144;2,1281;5425
05/05/2009;2,1277;2,1603;2,1036;2,1368;5022
06/05/2009;2,1377;2,1434;2,1072;2,1137;5335
07/05/2009;2,1076;2,1138;2,0811;2,108;5215
08/05/2009;2,1025;2,1074;2,0587;2,0606;5500
11/05/2009;2,0698;2,0803;2,051;2,0608;4278
12/05/2009;2,0455;2,0779;2,0446;2,0717;4481
13/05/2009;2,0801;2,1141;2,0663;2,1067;5393
14/05/2009;2,115;2,1229;2,079;2,0877;4745
15/05/2009;2,1066;2,1146;2,0612;2,1058;3347
18/05/2009;2,1101;2,1104;2,0674;2,0705;3976
19/05/2009;2,0611;2,0764;2,0304;2,0421;5131
20/05/2009;2,0326;2,0381;2,0123;2,0362;5029
21/05/2009;2,038;2,0464;2,0159;2,0346;5053
22/05/2009;2,0233;2,0342;2,0126;2,0275;4096
25/05/2009;2,0264;2,032;2,0195;2,0268;874
26/05/2009;2,0422;2,0469;2,0081;2,0082;3817
27/05/2009;2,0215;2,0417;1,9989;2,0416;4621
28/05/2009;2,0305;2,0361;1,9988;2,0057;4577
29/05/2009;1,9832;2,0115;1,9651;1,9715;4331
01/06/2009;1,9625;1,9632;1,9392;1,9491;4123
02/06/2009;1,9375;1,9527;1,9182;1,9267;4261
03/06/2009;1,9353;1,9766;1,925;1,9629;4804
04/06/2009;1,9686;1,9733;1,9348;1,9402;4993
05/06/2009;1,9385;1,9681;1,9089;1,9605;4914
08/06/2009;1,9743;1,9834;1,9579;1,9627;3998
09/06/2009;1,9558;1,9607;1,9301;1,9435;4229
10/06/2009;1,9425;1,9622;1,9236;1,9468;4713
11/06/2009;1,9479;1,9536;1,9335;1,9516;4705
12/06/2009;1,9608;1,9611;1,9167;1,926;3881
15/06/2009;1,9509;1,9599;1,9342;1,9479;4412
16/06/2009;1,9362;1,9744;1,932;1,9744;4555
17/06/2009;1,9735;1,9996;1,9574;1,9675;4991
18/06/2009;1,9715;1,9802;1,9556;1,9759;4665
19/06/2009;1,9729;1,9773;1,9512;1,9745;3568
22/06/2009;1,9865;2,0368;1,9585;2,0306;3548
23/06/2009;2,0151;2,0205;1,9782;1,9846;4646
24/06/2009;1,9899;1,9906;1,9594;1,9682;5250
25/06/2009;1,9688;1,9742;1,9421;1,9562;4234
26/06/2009;1,9422;1,9656;1,9232;1,9393;32964
29/06/2009;1,9375;1,9639;1,9297;1,9585;25766
30/06/2009;1,9485;1,9681;1,9357;1,9518;30776
01/07/2009;1,9454;1,9466;1,9191;1,9306;33528
02/07/2009;1,9402;1,9616;1,9322;1,9606;30301
03/07/2009;1,9594;1,9598;1,9454;1,9512;9377
06/07/2009;1,9626;1,9834;1,9507;1,9562;26287
07/07/2009;1,9526;1,9991;1,9446;1,9978;28236
08/07/2009;1,9921;2,0249;1,9559;2,004;34585
09/07/2009;1,9892;2,0044;1,9841;1,9918;32534
10/07/2009;1,9867;2,0279;1,9863;1,9961;30350
11/07/2009;1,9955;1,9955;1,9955;1,9955;8
13/07/2009;1,9883;2,0092;1,9741;1,9778;28324
14/07/2009;1,9812;1,9817;1,9585;1,9602;31193
15/07/2009;1,9453;1,9647;1,9301;1,9307;30572
16/07/2009;1,9287;1,9432;1,9244;1,9289;27975
17/07/2009;1,9302;1,9413;1,9197;1,9275;24925
20/07/2009;1,9096;1,926;1,898;1,8994;23700
21/07/2009;1,9017;1,9132;1,89;1,8971;27113
22/07/2009;1,9025;1,9119;1,8962;1,9018;27094
23/07/2009;1,9041;1,9063;1,8838;1,9004;28166
24/07/2009;1,8876;1,9027;1,8872;1,8987;22277
27/07/2009;1,8882;1,9;1,871;1,8748;24343
28/07/2009;1,8749;1,9001;1,8735;1,8815;27785
29/07/2009;1,8828;1,909;1,8794;1,8941;29390
30/07/2009;1,8926;1,9004;1,8718;1,8797;25584
31/07/2009;1,8733;1,8863;1,8611;1,8656;30392
03/08/2009;1,8587;1,8824;1,8257;1,8261;29616
04/08/2009;1,8284;1,8817;1,8203;1,821;29505
05/08/2009;1,8198;1,8379;1,8135;1,8258;29391
06/08/2009;1,8134;1,8449;1,8099;1,8384;28525
07/08/2009;1,8387;1,8444;1,8174;1,8186;33881
10/08/2009;1,8169;1,8515;1,8151;1,849;20795
11/08/2009;1,8442;1,8598;1,8377;1,8574;25364
12/08/2009;1,8563;1,8567;1,8288;1,8374;30451
13/08/2009;1,8314;1,8374;1,8181;1,8254;29198
14/08/2009;1,8196;1,8475;1,8082;1,8397;13688
17/08/2009;1,8581;1,8712;1,8099;1,8692;5242
18/08/2009;1,8661;1,8711;1,8313;1,8319;25224
19/08/2009;1,8334;1,8537;1,816;1,8296;27583
20/08/2009;1,8305;1,8511;1,8246;1,8343;23816
